<project xmlns="http://maven.apache.org/POM/4.0.0" xmlns:xsi="http://www.w3.org/2001/XMLSchema-instance"
  xsi:schemaLocation="http://maven.apache.org/POM/4.0.0 http://maven.apache.org/xsd/maven-4.0.0.xsd">
  <modelVersion>4.0.0</modelVersion>

  <groupId>com.edge</groupId>
  <artifactId>Storm</artifactId>
  <version>0.0.1-SNAPSHOT</version>
  <packaging>jar</packaging>

  <name>Storm</name>
  <url>http://maven.apache.org</url>

  <properties>
    <project.build.sourceEncoding>UTF-8</project.build.sourceEncoding>
  </properties>
<build>
    <plugins>   
<plugin>
    <groupId>org.apache.maven.plugins</groupId>
    <artifactId>maven-shade-plugin</artifactId>
    <executions>
        <execution>
            <goals>
                <goal>shade</goal>
            </goals>
            <configuration>
                <shadedArtifactAttached>true</shadedArtifactAttached>
                <transformers>
                    <transformer implementation=
                      "org.apache.maven.plugins.shade.resource.ManifestResourceTransformer">
                        <mainClass>com.edge.LogAnalyserStorm</mainClass>
                </transformer>
            </transformers>
        </configuration>
        </execution>
    </executions>
</plugin>
    </plugins>
  </build>
  <dependencies>
    <dependency>
      <groupId>junit</groupId>
      <artifactId>junit</artifactId>
      <version>3.8.1</version>
      <scope>test</scope>
    </dependency>
     <dependency>
    <groupId>org.apache.storm</groupId>
    <artifactId>storm-core</artifactId>
    <version>1.1.1</version>
    <scope>provided</scope>
</dependency>
  </dependencies>
</project>

